model,metric,estimate,p_value
original,performance,-0.6310805860805868,0.8261724498245215
original,AC,-8.657906800681928e-17,0.9999999999999988
original,RT,6.189490533392445e-15,0.999999999999999
adapted,performance,-2.0446623534704,0.4597160891712394
adapted,AC,-0.05137208830900783,0.3929086809253173
adapted,RT,-6.7810194479340185,0.11409011751750034
